,Word,Lemma,POS,Case,Number,Person,Tense,Mood,Voice,Form-Lemma Difference,Subtokens,Subtoken IDs,Subtoken Start Index,Subtoken End Index,Target Class,BERT Subtokenized Sentence,Sentence
0,into,into,ADP,,,,,,,0,['into'],[2046],28,28,Translative Case,"the de ##ba ##athi ##fication commission had been pushed by ahmad cha ##lab ##i and his iraqi national congress very hard , and had pushed many sunni arabs into the arms of the guerrillas .","The Debaathification Commission had been pushed by Ahmad Chalabi and his Iraqi National Congress very hard , and had pushed many Sunni Arabs into the arms of the guerrillas ."
150,into,into,ADP,,,,,,,0,['into'],[2046],14,14,Translative Case,"on the other hand , the us should strong - arm india and pakistan into a final settlement of the kashmir issue .","On the other hand , the US should strong - arm India and Pakistan into a final settlement of the Kashmir issue ."
219,'s,'s,PART,,,,,,,0,"[""'"", 's']","[1005, 1055]",1,2,Genitive Case,"sharon ' s hard line has worked in tandem with hamas ' s terrorism to rat ##chet up tensions further and further , which spill over into the muslim world and serve as a recruiting tool for al - qaeda in its search for agents willing to hit the united states .","Sharon 's hard line has worked in tandem with Hamas 's terrorism to ratchet up tensions further and further , which spill over into the Muslim world and serve as a recruiting tool for al - Qaeda in its search for agents willing to hit the United States ."
611,for,for,ADP,,,,,,,0,['for'],[2005],13,13,Causal-Final Case,the americans have to put away their free - market fe ##tish ##ism for a while and find ways of creating jobs and pumping money into iraqi households .,The Americans have to put away their free - market fetishism for a while and find ways of creating jobs and pumping money into Iraqi households .
773,into,into,ADP,,,,,,,0,['into'],[2046],8,8,Translative Case,that private wealth can easily be funnel ##ed into aid for the palestinians and for lebanese shi ##ites .,That private wealth can easily be funneled into aid for the Palestinians and for Lebanese Shiites .
824,into,into,ADP,,,,,,,0,['into'],[2046],6,6,Translative Case,"while india is ready to enter into a "" defense cooperation agreement "" with sri lanka , it is wary of being drawn into any military involvement in the island nation ' s two decades - old civil war that has seen violent strife between ethnic tamil ##s and the sin ##hale ##se majority - leaving over 60 , 000 dead on both sides .","While India is ready to enter into a "" defense cooperation agreement "" with Sri Lanka , it is wary of being drawn into any military involvement in the island nation 's two decades - old civil war that has seen violent strife between ethnic Tamils and the Sinhalese majority - leaving over 60,000 dead on both sides ."
1650,'s,'s,PART,,,,,,,0,"[""'"", 's']","[1005, 1055]",2,3,Genitive Case,"as pakistan ' s president had been telling the united states he was "" forced "" into taking a hawk ##ish line on india precisely by the likes of rahman , this was an embarrassment .","As Pakistan 's president had been telling the United States he was "" forced "" into taking a hawkish line on India precisely by the likes of Rahman , this was an embarrassment ."
1888,for,for,ADP,,,,,,,0,['for'],[2005],10,10,Causal-Final Case,"simultaneously , new delhi would ensure a degree of autonomy for the state that would help cut popular support off from jihad ##is attempting to convert kashmir into a second afghanistan .","Simultaneously , New Delhi would ensure a degree of autonomy for the state that would help cut popular support off from jihadis attempting to convert Kashmir into a second Afghanistan ."
2074,for,for,ADP,,,,,,,0,['for'],[2005],3,3,Causal-Final Case,"this writer has for years regarded the best solution to the kashmir problem as being the tri ##fur ##cation of the indian part of the state into a hindu - majority jammu , a buddhist - dominated lad ##akh and the overwhelmingly muslim kashmir valley , with the third state given little of taxpayers ' money but substantial autonomy .","This writer has for years regarded the best solution to the Kashmir problem as being the trifurcation of the Indian part of the state into a Hindu - majority Jammu , a Buddhist - dominated Ladakh and the overwhelmingly Muslim Kashmir Valley , with the third state given little of taxpayers ' money but substantial autonomy ."
2416,wrinkles,wrinkle,NOUN,,Plur,,,,,1,"['wr', '##inkles']","[23277, 28562]",2,3,Plural Noun,"despite many wr ##inkles , india remains a part - democracy and merely signing on to a piece of paper that calls for an independent kashmir does not get you into the trouble that writing an op - ed piece against sonia gandhi or ata ##l be ##hari va ##j ##pa ##ye ##e would instantly .","Despite many wrinkles , India remains a part - democracy and merely signing on to a piece of paper that calls for an independent Kashmir does not get you into the trouble that writing an op - ed piece against Sonia Gandhi or Atal Behari Vajpayee would instantly ."
2710,into,into,ADP,,,,,,,0,['into'],[2046],11,11,Translative Case,"first driving out the americans , then fighting the shia back into submission ( as in 1991 ) .","First driving out the Americans , then fighting the Shia back into submission ( as in 1991 ) ."
2767,into,into,ADP,,,,,,,0,['into'],[2046],11,11,Translative Case,"because of such talk , po ##sa ##da has been taken into custody by immigration officials .","Because of such talk , Posada has been taken into custody by Immigration officials ."
2827,for,for,ADP,,,,,,,0,['for'],[2005],8,8,Causal-Final Case,"terre ##ll , a cia asset originally recruited for the contra effort , identifies the man attempting to recruit him into the philippine scheme as oliver north . . .","Terrell , a CIA asset originally recruited for the Contra effort , identifies the man attempting to recruit him into the Philippine scheme as Oliver North ..."
2962,into,into,ADP,,,,,,,0,['into'],[2046],9,9,Translative Case,"over the past decade , bangladesh has steadily moved into a state of law ##lessness .","Over the past decade , Bangladesh has steadily moved into a state of lawlessness ."
2992,arrests,arrest,NOUN,,Plur,,,,,1,['arrests'],[17615],3,3,Plural Noun,"a pattern of arrests and seizures indicate that arms are brought by the lt ##te from laos , cambodia and thailand into chi ##tta ##gong , from where they are transported northward by land to bhutan .","A pattern of arrests and seizures indicate that arms are brought by the LTTE from Laos , Cambodia and Thailand into Chittagong , from where they are transported northward by land to Bhutan ."
3230,'s,'s,PART,,,,,,,0,"[""'"", 's']","[1005, 1055]",10,11,Genitive Case,"the route from kali ##kh ##ola in bhutan to cox ' s ba ##zar passes through northern bengal , assam and meg ##hala ##ya , and on into chi ##tta ##gong .","The route from Kalikhola in Bhutan to Cox 's Bazar passes through northern Bengal , Assam and Meghalaya , and on into Chittagong ."
3254,days,day,NOUN,,Plur,,,,,1,['days'],[2420],2,2,Plural Noun,also several days before the elections pakistan closed the border crossing point at cha ##man in bal ##uchi ##stan which is a key entry point for the taliban into afghanistan .,Also several days before the elections Pakistan closed the border crossing point at Chaman in Baluchistan which is a key entry point for the Taliban into Afghanistan .
3366,into,into,ADP,,,,,,,0,['into'],[2046],13,13,Translative Case,but to address the substance of this big lie is to risk falling into its logic .,But to address the substance of this Big Lie is to risk falling into its logic .
3451,into,into,ADP,,,,,,,0,['into'],[2046],29,29,Translative Case,"( and , a piece of sh ##ra ##p ##nel in the forearm that caused only a minor wound would have killed had it hit an eye and gone into the brain ; the sh ##ra ##p ##nel being in your body demonstrates you were in mortal danger and did n ' t absent yourself from it .","( And , a piece of shrapnel in the forearm that caused only a minor wound would have killed had it hit an eye and gone into the brain ; the shrapnel being in your body demonstrates you were in mortal danger and did n't absent yourself from it ."
3951,into,into,ADP,,,,,,,0,['into'],[2046],10,10,Translative Case,"he was drinking like a fish , every night , into the wee hours .","He was drinking like a fish , every night , into the wee hours ."
3981,'s,'s,PART,,,,,,,0,"[""'"", 's']","[1005, 1055]",9,10,Genitive Case,"this little - noted interview with b ##lou ##nt ' s nephew mu ##rp ##h archibald , which appeared on national public radio ' s "" all things considered on march 30 , 2004 , gives a devastating insight into what it was like to have to suffer through bush in that period .","This little - noted interview with Blount 's nephew Murph Archibald , which appeared on National Public Radio 's "" All Things Considered on March 30 , 2004 , gives a devastating insight into what it was like to have to suffer through Bush in that period ."
4317,says,say,VERB,,Sing,3,Pres,,,1,['says'],[2758],1,1,Third-Person Present Tense Verb,"archibald says mr . bush would come into the office and , in a friendly way , offer up stories about the drinking he ' d done the night before , kind of as a conversation starter .","Archibald says Mr. Bush would come into the office and , in a friendly way , offer up stories about the drinking he 'd done the night before , kind of as a conversation starter ."
4533,'s,be,VERB,,Sing,3,Pres,Ind,,0,"[""'"", 's']","[1005, 1055]",7,8,Third-Person Present Tense Verb,"a nato spokesman said : "" there ' s no tracking mechanism to ensure they do n ' t fall into the wrong hands .","A NATO spokesman said : "" There 's no tracking mechanism to ensure they do n't fall into the wrong hands ."
4643,means,mean,VERB,,Sing,3,Pres,,,1,['means'],[2965],26,26,Third-Person Present Tense Verb,"but then , even to talk of an "" administration "" may be mis ##di ##re ##ction at this point , given how little representative government means in the united states these days , and how much of "" national security "" has been pri ##vati ##zed into a global gang ##land of drugs and guns .","But then , even to talk of an "" administration "" may be misdirection at this point , given how little representative government means in the United States these days , and how much of "" national security "" has been privatized into a global gangland of drugs and guns ."
5051,into,into,ADP,,,,,,,0,['into'],[2046],18,18,Translative Case,"finally , from an email , a follow - up on the re ##open ##ing of the investigation into the atlanta child murders :","Finally , from an email , a follow - up on the reopening of the investigation into the Atlanta Child Murders :"
5161,needs,need,VERB,,Sing,3,Pres,,,1,['needs'],[3791],6,6,Third-Person Present Tense Verb,it is genetic and the child needs to get the gene from both parents to turn into a vegetable instead of a thinking child .,It is genetic and the child needs to get the gene from both parents to turn into a vegetable instead of a thinking child .
5261,for,for,ADP,,,,,,,0,['for'],[2005],12,12,Causal-Final Case,"af ##sha ##ri , who was posted in germany and was responsible for receiving mu ##jah ##ede ##en children during the gulf war , said that when the german government tried to absorb mu ##jah ##ede ##en children into their education system , the mu ##jah ##ede ##en refused .","Afshari , who was posted in Germany and was responsible for receiving Mujahedeen children during the gulf war , said that when the German government tried to absorb Mujahedeen children into their education system , the Mujahedeen refused ."
5612,evolves,evolve,VERB,,Sing,3,Pres,,,1,"['evolve', '##s']","[19852, 2015]",7,8,Third-Person Present Tense Verb,"but more and more , as metal evolve ##s into a huge international music that belongs to everyone , it has gotten to be something weird ##er .","But more and more , as metal evolves into a huge international music that belongs to everyone , it has gotten to be something weirder ."
5742,for,for,ADP,,,,,,,0,['for'],[2005],3,3,Causal-Final Case,the wikipedia entry for aero ##com is just a stu ##b . . waiting for someone to put some information into it . . . .,The wikipedia entry for Aerocom is just a stub .. waiting for someone to put some information into it ....
5822,friends,friend,NOUN,,Plur,,,,,1,['friends'],[2814],3,3,Plural Noun,"fabio and his friends were into the most extreme forms of heavy metal music - death metal and black metal , music obsessed with images of murder and satan ##ism - and the role of this music is central to the story .","Fabio and his friends were into the most extreme forms of heavy metal music - death metal and black metal , music obsessed with images of murder and satanism - and the role of this music is central to the story ."
5948,comes,come,VERB,,Sing,3,Pres,,,1,['comes'],[3310],13,13,Third-Person Present Tense Verb,this is where the socio - political aspect of this con ##und ##rum comes into play .,This is where the socio - political aspect of this conundrum comes into play .
5993,into,into,ADP,,,,,,,0,['into'],[2046],16,16,Translative Case,"of the metal music far ##ce , ministry has def ##inate ##ly made in - road into ' loose change "" - "" alex jones "" territory with their new record , rio grande blood .","Of the metal music farce , Ministry has definately made in - road into ' Loose Change "" - "" Alex Jones "" territory with their new record , Rio Grande Blood ."
6059,people,people,NOUN,,Plur,,,,,0,['people'],[2111],7,7,Plural Noun,"again , i think the problem is people who sink to far into their own ego ##s , and begin to take their personal metaphor ##s a bit too literal ##y .","Again , I think the problem is people who sink to far into their own egos , and begin to take their personal metaphors a bit too literaly ."
6204,years,year,NOUN,,Plur,,,,,1,['years'],[2086],3,3,Plural Noun,"a few more years may pass before everybody acknowledges that it is a world war , but we are already well into it .","A few more years may pass before everybody acknowledges that it is a World War , but we are already well into it ."
6300,leaders,leader,NOUN,,Plur,,,,,1,['leaders'],[4177],10,10,Plural Noun,"would n ' t you expect some of the religious leaders to do it themselves , or to talk their sons into doing it , if this is truly a supreme act of religious fe ##r ##vor ?","Would n't you expect some of the religious leaders to do it themselves , or to talk their sons into doing it , if this is truly a supreme act of religious fervor ?"
6470,amounts,amount,NOUN,,Plur,,,,,1,['amounts'],[8310],1,1,Plural Noun,"huge amounts of money , which could have solved many social problems in this dysfunction ##al part of the world , are channel ##ed into three con ##centric spheres supporting death and murder .","Huge amounts of money , which could have solved many social problems in this dysfunctional part of the world , are channeled into three concentric spheres supporting death and murder ."
6687,into,into,ADP,,,,,,,0,['into'],[2046],22,22,Translative Case,"the saudi regime , of course , will be the next victim of major terror , when the inner circle will explode into the outer circle .","The Saudi regime , of course , will be the next victim of major terror , when the inner circle will explode into the outer circle ."
6741,into,into,ADP,,,,,,,0,['into'],[2046],15,15,Translative Case,it is trying to play ice hockey by sending a ball ##erina ice - skater into the ring or to knock out a heavyweight boxer by a chess player .,It is trying to play ice hockey by sending a ballerina ice - skater into the ring or to knock out a heavyweight boxer by a chess player .
6886,officials,official,NOUN,,Plur,,,,,1,['officials'],[4584],5,5,Plural Noun,"according to senior counter terrorism officials , both here and abroad , among the supporters of these militant islamist ##s were people who blended into society and were available to act when another part of the network requested it .","According to senior counter terrorism officials , both here and abroad , among the supporters of these militant islamists were people who blended into society and were available to act when another part of the network requested it ."
7120,for,for,ADP,,,,,,,0,['for'],[2005],20,20,Causal-Final Case,"in early june 2003 , a central intelligence agency ( "" cia "" ) report publicly disclosed that the reason for mohammed at ##ta ' s and zac ##aria ##s mo ##uss ##ao ##ui ' s inquiries into crop ##dust ##ers was for the contemplated use in di ##sper ##sing biological agents such as ant ##hra ##x .","In early June 2003 , a Central Intelligence Agency ( "" CIA "" ) report publicly disclosed that the reason for Mohammed Atta 's and Zacarias Moussaoui 's inquiries into cropdusters was for the contemplated use in dispersing biological agents such as anthrax ."
7384,stages,stage,NOUN,,Plur,,,,,1,['stages'],[5711],9,9,Plural Noun,"some may still think that even in the final stages of the 9 / 11 plot , zac ##aria ##s mo ##uss ##ao ##ui was going to fly a 5th plane into the capitol or white house .","Some may still think that even in the final stages of the 9/11 plot , Zacarias Moussaoui was going to fly a 5th plane into the Capitol or White House ."
7773,for,for,ADP,,,,,,,0,['for'],[2005],12,12,Causal-Final Case,"in early june 2003 , a cia report concluded that the reason for at ##ta ' s and zac ##aria ##s mo ##uss ##ao ##ui ' s inquiries into crop ##dust ##ers was in fact for the contemplated use in di ##sper ##sing biological agents such as ant ##hra ##x .","In early June 2003 , a CIA report concluded that the reason for Atta 's and Zacarias Moussaoui 's inquiries into cropdusters was in fact for the contemplated use in dispersing biological agents such as anthrax ."
7995,into,into,ADP,,,,,,,0,['into'],[2046],16,16,Translative Case,it is reasonable to credit his statement that he got the les ##ion after bump ##ing into a suitcase he was carrying at a camp in afghanistan .,It is reasonable to credit his statement that he got the lesion after bumping into a suitcase he was carrying at a camp in Afghanistan .
8203,into,into,ADP,,,,,,,0,['into'],[2046],24,24,Translative Case,"as i mentioned in my voice mail , mike roberts going to hire sara woody , a recent mba gr ##ad from rice , into his group .","As I mentioned in my voice mail , Mike Roberts going to hire Sara Woody , a recent MBA grad from Rice , into his group ."
8284,into,into,ADP,,,,,,,0,['into'],[2046],2,2,Translative Case,please look into that for me .,Please look into that for me .
8291,into,into,ADP,,,,,,,0,['into'],[2046],31,31,Translative Case,"business case : if we offered dean 55 k or 60 k it would still constitute a over a $ 10 , 000 increase ( approximately 25 % ) and taking into consideration he was rated as satisfactory at the specialist level .","Business Case : If we offered Dean 55 k or 60 k it would still constitute a over a $ 10,000 increase ( approximately 25 % ) and taking into consideration he was rated as satisfactory at the specialist level ."
8619,into,into,ADP,,,,,,,0,['into'],[2046],3,3,Translative Case,am i turning into mother ?,Am I turning into Mother ?
8631,hours,hour,NOUN,,Plur,,,,,1,['hours'],[2847],18,18,Plural Noun,"they will be there by noon on the 20th , and the surgery will last 1 . 5 hours and then they ' ll watch him for 2 more hours before they put him into ic ##u .","They will be there by noon on the 20th , and the surgery will last 1.5 hours and then they 'll watch him for 2 more hours before they put him into ICU ."
8767,attachments,attachment,NOUN,,Plur,,,,,1,"['attachment', '##s']","[14449, 2015]",5,6,Plural Noun,"although this email and any attachment ##s are believed to be free of any virus or other defect that might affect any computer system into which it is received and opened , it is the responsibility of the recipient to ensure that it is virus free and no responsibility is accepted by century development or any of its affiliates for any loss or damage arising in any way from its use .","Although this email and any attachments are believed to be free of any virus or other defect that might affect any computer system into which it is received and opened , it is the responsibility of the recipient to ensure that it is virus free and no responsibility is accepted by Century Development or any of its affiliates for any loss or damage arising in any way from its use ."
10258,into,into,ADP,,,,,,,0,['into'],[2046],10,10,Translative Case,a little bird ##ie told me that you were checking into tickets for seoul .,A little birdie told me that you were checking into tickets for Seoul .
10300,into,into,ADP,,,,,,,0,['into'],[2046],2,2,Translative Case,i ran into corey last night at l ##w s and i am thinking this is a girl for darren .,I ran into Corey last night at LW s and I am thinking this is a girl for Darren .
10380,'s,us,PRON,,,,,,,0,"[""'"", 's']","[1005, 1055]",13,14,Genitive Case,"i do n ' t want to wait till month end , let ' s adjust the numbers now and for the june 29 2nd order , let s take that value into june since it relates to july puts .","I do n't want to wait till month end , let 's adjust the numbers now and for the June 29 2nd order , let s take that value into June since it relates to July puts ."
10760,gets,get,VERB,,Sing,3,Pres,,,1,['gets'],[4152],2,2,Third-Person Present Tense Verb,my flight gets into s . d . at at 8 : 35 on southwest .,My flight gets into S.D. at at 8:35 on southwest .
10782,adds,add,VERB,,Sing,3,Pres,,,1,['adds'],[9909],18,18,Third-Person Present Tense Verb,"we have received the amendment to the bc gas is ##da master executed by bc gas , which adds the canadian securities representation , so we do n ' t have to add the rep into every confirm .","We have received the amendment to the BC Gas ISDA Master executed by BC Gas , which adds the Canadian Securities Representation , so we do n't have to add the rep into every confirm ."
11106,needs,need,VERB,,Sing,3,Pres,,,1,['needs'],[3791],2,2,Third-Person Present Tense Verb,en ##ron needs to use this situation to quickly get our viewpoint ##s up into the pu ##ct and er ##cot iso on what is driving these problems and our proposed fix ##es .,Enron needs to use this situation to quickly get our viewpoints up into the PUCT and ERCOT ISO on what is driving these problems and our proposed fixes .
11280,into,into,ADP,,,,,,,0,['into'],[2046],10,10,Translative Case,"it is far too early to expect murphy to enter into a physical or financial contract , but tom hopes to get us first and / or last look from murphy when the time is right .","It is far too early to expect Murphy to enter into a physical or financial contract , but Tom hopes to get us first and / or last look from Murphy when the time is right ."
11613,for,for,ADP,,,,,,,0,['for'],[2005],7,7,Causal-Final Case,"following up on our discussion yesterday ; for these types of deals , i do nt think it s necessary to have all the documentation of our counterpart ##y ' s authorization to enter into the agreement .","following up on our discussion yesterday ; for these types of deals , i do nt think it s necessary to have all the documentation of our counterparty 's authorization to enter into the agreement ."
12045,isda,isda,NOUN,,Plur,,,,,0,"['is', '##da']","[2003, 2850]",7,8,Plural Noun,is it possible to combine the standard is ##da and our confirm into a single long form ?,is it possible to combine the standard isda and our confirm into a single long form ?
12096,reps,rep,NOUN,,Plur,,,,,1,"['rep', '##s']","[16360, 2015]",8,9,Plural Noun,"also , in the 7th line of the rep ##s add the word "" into "" after the word "" entered "" and before the word "" this "" .","Also , in the 7th line of the reps add the word "" into "" after the word "" entered "" and before the word "" this "" ."
12125,changes,change,NOUN,,Plur,,,,,1,['changes'],[3431],6,6,Plural Noun,i have attempted to incorporate the changes that jim has incorporated in our long form power agreement which en ##a has suggested to date into the short form .,I have attempted to incorporate the changes that Jim has incorporated in our long form power agreement which ENA has suggested to date into the short form .
12377,into,into,ADP,,,,,,,0,['into'],[2046],1,1,Translative Case,"taking into consideration this class of customer , we decided to include certain items , including our inability to cover our costs due to a change in law , rules or practices as a "" force maj ##eur ##e event "" in an effort to soft ##en the approach ( see the gt ##cs ) .","Taking into consideration this class of customer , we decided to include certain items , including our inability to cover our costs due to a change in law , rules or practices as a "" force majeure event "" in an effort to soften the approach ( see the GTCs ) ."
12949,changes,change,NOUN,,Plur,,,,,1,['changes'],[3431],9,9,Plural Noun,"if you are comfortable , we will drive these changes into our other mid ##market power forms .","If you are comfortable , we will drive these changes into our other midmarket power forms ."
13000,Lawmakers,lawmaker,NOUN,,Plur,,,,,1,"['law', '##makers']","[2375, 12088]",0,1,Plural Noun,"law ##makers and consumer groups all ##ege that the events - directed by the man who heads the state ' s energy grid - fueled the california energy crisis , pushed the state into the power - buying business and helped make billions of dollars for power producers .","Lawmakers and consumer groups allege that the events - directed by the man who heads the state 's energy grid - fueled the California energy crisis , pushed the state into the power - buying business and helped make billions of dollars for power producers ."
13322,believes,believe,VERB,,Sing,3,Pres,,,1,['believes'],[7164],3,3,Third-Person Present Tense Verb,""" the governor believes it was the defining moment , when what was a mounting problem turned into an instant crisis , "" ma ##vi ##glio said .",""" The governor believes it was the defining moment , when what was a mounting problem turned into an instant crisis , "" Maviglio said ."
13478,utilities,utility,NOUN,,Plur,,,,,2,['utilities'],[16548],4,4,Plural Noun,"this action accelerated the utilities ' move toward bankruptcy and forced the governor to move the state into the power - buying business . ""","This action accelerated the utilities ' move toward bankruptcy and forced the governor to move the state into the power - buying business . """
13628,into,into,ADP,,,,,,,0,['into'],[2046],8,8,Translative Case,"another time i ' ll se ##gue ##way into all the fun work related instances where "" mom ##mies "" get out of doing work and hiding behind child ##care as the reason .","Another time I 'll segueway into all the fun work related instances where "" Mommies "" get out of doing work and hiding behind childcare as the reason ."
13773,friends,friend,NOUN,,Plur,,,,,1,['friends'],[2814],11,11,Plural Noun,the two screamed to fright ##en the bear and warn their friends in a tent several metres away but the bear ripped into that tent and began ma ##ulin ##g 31 - year - old alain parent ##eau .,The two screamed to frighten the bear and warn their friends in a tent several metres away but the bear ripped into that tent and began mauling 31 - year - old Alain Parenteau .
13983,Walls,wall,NOUN,,Plur,,,,,1,['walls'],[3681],0,0,Plural Noun,"walls keeping water out of the bowl - shaped city have been breached , and emergency teams are using helicopters to drop 1 , 350 kg ( 3 , 000 lb ) sand ##bags and concrete barriers into the gaps .","Walls keeping water out of the bowl - shaped city have been breached , and emergency teams are using helicopters to drop 1,350 kg ( 3,000 lb ) sandbags and concrete barriers into the gaps ."
14235,into,into,ADP,,,,,,,0,['into'],[2046],14,14,Translative Case,harrison county in mississippi bore the br ##unt of hurricane katrina as it slammed into bi ##lo ##xi and gulf ##port before heading inland .,Harrison County in Mississippi bore the brunt of Hurricane Katrina as it slammed into Biloxi and Gulfport before heading inland .
14298,into,into,ADP,,,,,,,0,['into'],[2046],2,2,Translative Case,an intrusion into japanese territorial waters by a chinese nuclear submarine last week and a trade deal with brazil are the latest apparently un ##connected consequences of china ' s soaring economic growth .,An intrusion into Japanese territorial waters by a Chinese nuclear submarine last week and a trade deal with Brazil are the latest apparently unconnected consequences of China 's soaring economic growth .
14426,muscles,muscle,NOUN,,Plur,,,,,1,['muscles'],[6650],6,6,Plural Noun,"with each breath , feel the muscles in your body becoming lighter and lighter , and also your external motor and sensory organs are feeling like they are withdrawing from the world into a special inner quiet ##ness .","With each breath , feel the muscles in your body becoming lighter and lighter , and also your external motor and sensory organs are feeling like they are withdrawing from the world into a special inner quietness ."
14768,into,into,ADP,,,,,,,0,['into'],[2046],8,8,Translative Case,now you are far above the earth - into space .,Now you are far above the earth - into space .
14779,into,into,ADP,,,,,,,0,['into'],[2046],5,5,Translative Case,feel your body sinking slightly into the sand making that earthly connection again .,Feel your body sinking slightly into the sand making that earthly connection again .
14835,into,into,ADP,,,,,,,0,['into'],[2046],2,2,Translative Case,touching deep into the idea is what builds intuition - it is a synthetic process .,Touching deep into the idea is what builds intuition - it is a synthetic process .
14931,people,people,NOUN,,Plur,,,,,0,['people'],[2111],15,15,Plural Noun,"we insist that no one , especially the state , is allowed to coe ##rce people into marriage or bar two consent ##ing adults , whether of the same or differing gender ##s , from forming the family unit that lets them be more fully loving , thus more fully human .","We insist that no one , especially the state , is allowed to coerce people into marriage or bar two consenting adults , whether of the same or differing genders , from forming the family unit that lets them be more fully loving , thus more fully human ."
15421,has,have,VERB,,Sing,3,Pres,Ind,,-1,['has'],[2038],19,19,Third-Person Present Tense Verb,"that is what is about to happen with judge samuel ali ##to , in my opinion , because he has one tragic flaw - a very serious blind spot in his thinking - which makes him completely unacceptable for the position of supreme court justice : he does not really agree with the system of "" checks and balance ##s "" built into the constitution , and he is ready to start tearing it down in order to follow the "" unitary executive theory , "" which calls for vastly - increased presidential power at the expense of congress and the supreme court .","That is what is about to happen with Judge Samuel Alito , in my opinion , because he has one tragic flaw - a very serious blind spot in his thinking - which makes him completely unacceptable for the position of Supreme Court Justice : He does not really agree with the system of "" Checks and Balances "" built into the Constitution , and he is ready to start tearing it down in order to follow the "" Unitary Executive Theory , "" which calls for vastly - increased Presidential Power at the expense of Congress and the Supreme Court ."
17257,pilots,pilot,NOUN,,Plur,,,,,1,['pilots'],[8221],4,4,Plural Noun,"a pair of military pilots embarked on china ' s second manned space flight early today , hurt ##ling into orbit on a test mission that could span five days .","A pair of military pilots embarked on China 's second manned space flight early today , hurtling into orbit on a test mission that could span five days ."
17402,into,into,ADP,,,,,,,0,['into'],[2046],9,9,Translative Case,his one - day mission vaulted his communist homeland into the elite circle of space ##far ##ing nations - russia and the united states - that can launch and sustain humans in space .,His one - day mission vaulted his communist homeland into the elite circle of spacefaring nations - Russia and the United States - that can launch and sustain humans in space .
17530,into,into,ADP,,,,,,,0,['into'],[2046],6,6,Translative Case,this will copy the entire letter into the computer ' s memory .,This will copy the entire letter into the computer 's memory .
17542,into,into,ADP,,,,,,,0,['into'],[2046],8,8,Translative Case,this will paste a copy of the letter into the note ##pad so that you will add your name to the list .,This will paste a copy of the letter into the notepad so that you will add your name to the list .
17608,into,into,ADP,,,,,,,0,['into'],[2046],17,17,Translative Case,"rumor also had it some renegade biologist brought a cage ##d pair to yellowstone and released them into the wild sometime in the 1970s , hoping to rees ##ta ##bl ##ish a breeding population .","Rumor also had it some renegade biologist brought a caged pair to Yellowstone and released them into the wild sometime in the 1970s , hoping to reestablish a breeding population ."
17856,into,into,ADP,,,,,,,0,['into'],[2046],3,3,Translative Case,"this trickle grew into a flood , resulting in 14 wolves being reintroduced in yellowstone in 1995 by the u . s . fish and wildlife service - - albeit over the strong and still - continuing objections of ranch ##ers .","This trickle grew into a flood , resulting in 14 wolves being reintroduced in Yellowstone in 1995 by the U.S. Fish and Wildlife Service -- albeit over the strong and still - continuing objections of ranchers ."
18078,conservationists,conservationist,NOUN,,Plur,,,,,1,"['conservation', '##ists']","[5680, 5130]",1,2,Plural Noun,"some conservation ##ists want the protection extended so wolves can move into other states , including colorado , utah and oregon , among others .","Some conservationists want the protection extended so wolves can move into other states , including Colorado , Utah and Oregon , among others ."
18174,'s,'s,PART,,,,,,,0,"[""'"", 's']","[1005, 1055]",4,5,Genitive Case,"regardless of the wolf ' s legal status , its future expansion into new areas now seems likely .","Regardless of the wolf 's legal status , its future expansion into new areas now seems likely ."
18228,people,people,NOUN,,Plur,,,,,0,['people'],[2111],4,4,Plural Noun,"it also is likely people have released some of these animals into the wild hoping they would survive - - for instance , a ranger in glacier park caught someone in this very act not long ago .","It also is likely people have released some of these animals into the wild hoping they would survive -- for instance , a ranger in Glacier Park caught someone in this very act not long ago ."
18487,Impacts,impact,NOUN,,Plur,,,,,1,['impacts'],[14670],6,6,Plural Noun,"a third report , "" the impacts of climate change : an app ##rai ##sal for the future , "" completed by the britain - based international policy network and released almost simultaneously with the other two , falls somewhat into that category .","A third report , "" The Impacts of Climate Change : An Appraisal for the Future , "" completed by the Britain - based International Policy Network and released almost simultaneously with the other two , falls somewhat into that category ."
18697,into,into,ADP,,,,,,,0,['into'],[2046],13,13,Translative Case,"meanwhile , president george w bush has said he will lead an inquiry into how the disaster was handled .","Meanwhile , President George W Bush has said he will lead an inquiry into how the disaster was handled ."
18817,seconds,second,NOUN,,Plur,,,,,1,['seconds'],[3823],2,2,Plural Noun,"about 30 seconds into his address , he started fl ##og ##ging the terrorist issue just one more time .","About 30 seconds into his address , he started flogging the terrorist issue just one more time ."
18889,for,for,ADP,,,,,,,0,['for'],[2005],11,11,Causal-Final Case,"the gall of it all is that bush is stump ##ing for more money to build more ref ##iner ##ies , when what he should do is pour money into making the us independent of op ##ec or crude oil all together .","The gall of it all is that Bush is stumping for more money to build more refineries , when what he should do is pour money into making the US independent of OPEC or crude oil all together ."
19240,finances,finance,NOUN,,Plur,,,,,1,['finances'],[16156],5,5,Plural Noun,"as a result , your finances improve - and your newfound confidence could attract new love into your life .","As a result , your finances improve - and your newfound confidence could attract new love into your life ."
19320,concepts,concept,NOUN,,Plur,,,,,1,['concepts'],[8474],3,3,Plural Noun,"your learning of concepts of all kinds combines with extensive group activity , bringing your mind into a whole new space this year .","Your learning of concepts of all kinds combines with extensive group activity , bringing your mind into a whole new space this year ."
19392,matters,matter,VERB,,Sing,3,Pres,,,1,['matters'],[5609],13,13,Third-Person Present Tense Verb,"your love life is full , and any dissatisfaction with career and money matters fades into the background .","Your love life is full , and any dissatisfaction with career and money matters fades into the background ."
19449,'s,be,VERB,,Sing,3,Pres,Ind,,0,"[""'"", 's']","[1005, 1055]",1,2,Third-Person Present Tense Verb,there ' s so much punch packed into this combination that it ' s almost scary .,There 's so much punch packed into this combination that it 's almost scary .
19524,into,into,ADP,,,,,,,0,['into'],[2046],17,17,Translative Case,"not only that , but travel , adventure , and personal expansion in ##fus ##e fresh energy into all areas of your life .","Not only that , but travel , adventure , and personal expansion infuse fresh energy into all areas of your life ."
19612,into,into,ADP,,,,,,,0,['into'],[2046],15,15,Translative Case,"no doubt , in 2005 you ' ll find yourself pushed more and more out into the world .","No doubt , in 2005 you 'll find yourself pushed more and more out into the world ."
19648,'s,'s,PART,,,,,,,0,"[""'"", 's']","[1005, 1055]",3,4,Genitive Case,158 ##4 lopez ' s book translated into italian by tar ##sia and published in venice .,1584 Lopez 's book translated into Italian by Tarsia and published in Venice .
19676,knives,knife,NOUN,,Plur,,,,,1,['knives'],[13227],8,8,Plural Noun,then and there they would have plunged their knives into me could they have seen how to escape the consequences of the deed .,Then and there they would have plunged their knives into me could they have seen how to escape the consequences of the deed .
19796,sources,source,NOUN,,Plur,,,,,1,['sources'],[4216],22,22,Plural Noun,""" the berlin daily der tag ##ess ##pie ##gel this week , "" continued up ##i , "" quoted ' nato intelligence sources ' who claimed that the nato allies had been informed that the united states is currently investigating all possibilities of bringing the mu ##llah - led regime into line , including military options .",""" The Berlin daily Der Tagesspiegel this week , "" continued UPI , "" quoted ' NATO intelligence sources ' who claimed that the NATO allies had been informed that the United States is currently investigating all possibilities of bringing the mullah - led regime into line , including military options ."
20212,casualties,casualty,NOUN,,Plur,,,,,2,['casualties'],[8664],13,13,Plural Noun,"the result will be a dramatic es ##cala ##tion in us and civilian casualties , us forces will be required to bunker themselves further into their bases , and us forces will find themselves required to fight the very government they just finished helping into power .","The result will be a dramatic escalation in US and civilian casualties , US forces will be required to bunker themselves further into their bases , and US forces will find themselves required to fight the very government they just finished helping into power ."
20662,into,into,ADP,,,,,,,0,['into'],[2046],13,13,Translative Case,"iraq , already a see ##thing ca ##uld ##ron , will sink further into chaos .","Iraq , already a seething cauldron , will sink further into chaos ."
20688,into,into,ADP,,,,,,,0,['into'],[2046],13,13,Translative Case,beyond the naval threat is the possibility of iran throwing its military muscle into the ongoing struggle in iraq .,Beyond the naval threat is the possibility of Iran throwing its military muscle into the ongoing struggle in Iraq .
20748,decides,decide,VERB,,Sing,3,Pres,,,1,['decides'],[7288],2,2,Third-Person Present Tense Verb,"if iran decides to throw any or all of its 23 , 000 armored fighting vehicles , along with any or all of its nearly million - strong army , into the iraq fray , the situation in the middle east could become un ##sp ##eak ##ably dire .","If Iran decides to throw any or all of its 23,000 armored fighting vehicles , along with any or all of its nearly million - strong army , into the Iraq fray , the situation in the Middle East could become unspeakably dire ."
20880,into,into,ADP,,,,,,,0,['into'],[2046],19,19,Translative Case,"an attack on iran would trigger this mutual defense pact , and could con ##ce ##iva ##bly bring syria into direct conflict with american forces .","An attack on Iran would trigger this mutual defense pact , and could conceivably bring Syria into direct conflict with American forces ."
20995,weapons,weapon,NOUN,,Plur,,,,,1,['weapons'],[4255],21,21,Plural Noun,"in the worst - case scenario , the newly - mint ##ed american order of battle requiring the use of nuclear weapons to rescue a surrounded and imp ##eri ##led force could come into play , hurling the entire planet into military and diplomatic bed ##lam .","In the worst - case scenario , the newly - minted American order of battle requiring the use of nuclear weapons to rescue a surrounded and imperiled force could come into play , hurling the entire planet into military and diplomatic bedlam ."
21425,nations,nation,NOUN,,Plur,,,,,1,['nations'],[3741],5,5,Plural Noun,"iran is suspected by many nations of working towards the development of nuclear weapons , but even this justification has been tossed into a cocked hat .","Iran is suspected by many nations of working towards the development of nuclear weapons , but even this justification has been tossed into a cocked hat ."
21641,'s,'s,PART,,,,,,,0,"[""'"", 's']","[1005, 1055]",6,7,Genitive Case,"therefore , any attack upon iran ' s nuclear facilities will bring russia into the mess .","Therefore , any attack upon Iran 's nuclear facilities will bring Russia into the mess ."
21673,arguments,argument,NOUN,,Plur,,,,,1,['arguments'],[9918],1,1,Plural Noun,all arguments that the bush administration would be insane to attack iran and risk a global con ##fl ##ag ##ration for the sake of political cover run into one una ##vo ##ida ##ble truth .,All arguments that the Bush administration would be insane to attack Iran and risk a global conflagration for the sake of political cover run into one unavoidable truth .
21905,into,into,ADP,,,,,,,0,['into'],[2046],11,11,Translative Case,$ 50 m - amount granted to the commission that looked into the columbia space shuttle crash .,$ 50 m - Amount granted to the commission that looked into the Columbia space shuttle crash .
21959,Nations,nation,NOUN,,Plur,,,,,1,['nations'],[3741],4,4,Plural Noun,2 - number of nations that george bush has attacked and taken over since coming into office .,2 - Number of Nations that George Bush has attacked and taken over since coming into office .
22031,planes,plane,NOUN,,Plur,,,,,1,['planes'],[9738],6,6,Plural Noun,"22 , 600 - number of planes carrying un ##screen ##ed cargo that fly into new york each month .","22,600 - Number of planes carrying unscreened cargo that fly into New York each month ."
22063,babies,baby,NOUN,,Plur,,,,,2,['babies'],[10834],5,5,Plural Noun,you could move all the babies into a fry net breed ##er or move all of the bigger fish ( also the parents ) to a different tank to avoid the babies getting eaten .,You could move all the babies into a fry net breeder or move all of the bigger fish ( also the parents ) to a different tank to avoid the babies getting eaten .
22233,parents,parent,NOUN,,Plur,,,,,1,['parents'],[3008],1,1,Plural Noun,some parents would not eat there fish till a certain age jack dempsey for example would not eat there offspring till they mature but i would move the baby fish into a smaller tank and feed them fl ##akes,some parents would not eat there fish till a certain age jack dempsey for example would not eat there offspring till they mature but i would move the baby fish into a smaller tank and feed them flakes
22423,dries,dry,VERB,,Sing,3,Pres,,,2,"['dr', '##ies']","[2852, 3111]",2,3,Third-Person Present Tense Verb,"- it dr ##ies out , losing the water that is soaked into the set structure","- it dries out , losing the water that is soaked into the set structure"
22483,for,for,ADP,,,,,,,0,['for'],[2005],3,3,Causal-Final Case,"problem is , for some reason , the visa process took longer than it should , thus i missed school this semester ( visa was issued to me about 25 days after school started so i could n ' t attend ) , now i no longer want to go into that school ( because they only would accept me again on september of 2012 ) , i found a school that accepted me for may 2012 , can i use the same visa that was issued to me ?","Problem is , for some reason , the visa process took longer than it should , thus I missed school this semester ( visa was issued to me about 25 days after school started so I could n't attend ) , now I no longer want to go into that school ( because they only would accept me again on September of 2012 ) , I found a school that accepted me for may 2012 , can I use the same visa that was issued to me ?"
23891,into,into,ADP,,,,,,,0,['into'],[2046],11,11,Translative Case,this will get you on the re ##r b line going into town .,This will get you on the RER B line going into town .
23917,into,into,ADP,,,,,,,0,['into'],[2046],6,6,Translative Case,the pip ##ing would lead down into your sum ##p from the over ##flow box .,The piping would lead down into your sump from the overflow box .
23930,puts,put,VERB,,Sing,3,Pres,,,1,['puts'],[8509],20,20,Third-Person Present Tense Verb,"on the other end of the sum ##p , you would have a small return pump with a hose that puts the water back into your tank .","On the other end of the sump , you would have a small return pump with a hose that puts the water back into your tank ."
23984,into,into,ADP,,,,,,,0,['into'],[2046],9,9,Translative Case,you add the water and put water condition ##er into the water .,You add the water and put water conditioner into the water .
24008,into,into,ADP,,,,,,,0,['into'],[2046],4,4,Translative Case,the laser is made into the hand grip and has a switch on the side to turn it on .,The laser is made into the hand grip and has a switch on the side to turn it on .
24108,into,into,ADP,,,,,,,0,['into'],[2046],10,10,Translative Case,i have to mention that i recently separated the father into another cage close to the ' nest cage ' because he and the mother were fighting .,I have to mention that i recently separated the father into another cage close to the ' nest cage ' because he and the mother were fighting .
24248,ships,ship,NOUN,,Plur,,,,,1,['ships'],[3719],16,16,Plural Noun,"edit : also i forgot to mention earlier , most ( if not all ) cruise ships also practice lifeboat drills weekly , and it is not uncommon to see them to actually launch the lifeboat ##s into the water as part of their drill when you are in port .","Edit : Also I forgot to mention earlier , most ( if not all ) cruise ships also practice lifeboat drills weekly , and it is not uncommon to see them to actually launch the lifeboats into the water as part of their drill when you are in port ."
24648,falls,fall,NOUN,,Plur,,,,,1,['falls'],[4212],4,4,Plural Noun,"the centre of the falls is known locally as ‘ ga ##rgan ##ta del diablo ’ ( the devil ’ s throat ) , where the huge volume of water sends a constant mist of spray into the air .","The centre of the falls is known locally as ‘ Garganta Del Diablo ’ ( The Devil ’s Throat ) , where the huge volume of water sends a constant mist of spray into the air ."
24759,for,for,ADP,,,,,,,0,['for'],[2005],12,12,Causal-Final Case,"just pray that you have not ever given this criminal enough information for your identity to be stolen - your full name , birth ##date , home address , etc or that you were not con ##ned into sending money .","Just pray that you have not ever given this criminal enough information for your identity to be stolen - your full name , birthdate , home address , etc or that you were not conned into sending money ."
25071,Seizures,seizure,NOUN,,Plur,,,,,1,['seizures'],[25750],0,0,Plural Noun,seizures will occur when the toxin ##s that the kidney normally filters out are released into the blood stream .,Seizures will occur when the toxins that the kidney normally filters out are released into the blood stream .
25185,into,into,ADP,,,,,,,0,['into'],[2046],11,11,Translative Case,"the term renaissance is in essence a modern one that came into currency in the 19th century , in the work of historians such as jacob bu ##rc ##khar ##dt .","The term renaissance is in essence a modern one that came into currency in the 19th century , in the work of historians such as Jacob Burckhardt ."
25269,origins,origin,NOUN,,Plur,,,,,1,['origins'],[7321],2,2,Plural Noun,"although the origins of a movement that was confined largely to the liter ##ate culture of intellectual endeavor and patronage can be traced to the earlier part of the 14th century , many aspects of italian culture and society remained largely medieval ; the renaissance did not come into full swing until the end of the century .","Although the origins of a movement that was confined largely to the literate culture of intellectual endeavor and patronage can be traced to the earlier part of the 14th century , many aspects of Italian culture and society remained largely Medieval ; the Renaissance did not come into full swing until the end of the century ."
26010,into,into,ADP,,,,,,,0,['into'],[2046],7,7,Translative Case,"an american passport should get you right into the country , there is no need for a visa , for six months .","An American passport should get you right into the country , there is no need for a VISA , for six months ."
26079,into,into,ADP,,,,,,,0,['into'],[2046],14,14,Translative Case,i my self am one but appreciate that the organization is unlikely to make into the 22nd century .,I my self am one but appreciate that the organization is unlikely to make into the 22nd century .
26174,is,be,VERB,,Sing,3,Pres,Ind,,0,['is'],[2003],1,1,Third-Person Present Tense Verb,"there is already a little dog house that i would turn into a little rabbit hut ##ch being kept back there and i was thinking about keeping the rabbit in the run with the chickens , but keeping the chickens in the coop and the rabbit in the hut ##ch at night .","There is already a little dog house that I would turn into a little rabbit hutch being kept back there and I was thinking about keeping the rabbit in the run with the chickens , but keeping the chickens in the coop and the rabbit in the hutch at night ."
26582,Rabbits,rabbit,NOUN,,Plur,,,,,1,['rabbits'],[20403],0,0,Plural Noun,rabbits do burr ##ow also so do n ' t be surprised if chicken are falling into holes .,Rabbits do burrow also so do n't be surprised if chicken are falling into holes .
26694,needs,need,VERB,,Sing,3,Pres,,,1,['needs'],[3791],14,14,Third-Person Present Tense Verb,"if you can find a pet at a shelter , or that a friend needs to get rid of because they ' re moving or whatever , you might be able to talk your parents into "" giving it a good home "" where you might not be able to talk them into buying a new pet .","If you can find a pet at a shelter , or that a friend needs to get rid of because they 're moving or whatever , you might be able to talk your parents into "" giving it a good home "" where you might not be able to talk them into buying a new pet ."
27492,into,into,ADP,,,,,,,0,['into'],[2046],8,8,Translative Case,on the fear angle - - talk her into coming to the pet store with you .,On the fear angle -- talk her into coming to the pet store with you .
27524,into,into,ADP,,,,,,,0,['into'],[2046],27,27,Translative Case,"if i threw him against a wall and still conscious he will run away , do i hang him by the tail so the blood can flush into his skull ?","If I threw him against a wall and still conscious he will run away , do I hang him by the tail so the blood can flush into his skull ?"
27679,bankruptcies,bankruptcy,NOUN,,Plur,,,,,2,"['bankrupt', '##cies']","[17482, 9243]",31,32,Plural Noun,"your education ( the more the better ) and your past work history , combined with a clean fbi and state police record , and a satisfactory financial history ( no bankrupt ##cies or large outstanding debts in the usa ) are all taken into consideration .","YOUR education ( the more the better ) and your past work history , combined with a CLEAN FBI and State Police record , and a satisfactory financial history ( no bankruptcies or large outstanding debts in the USA ) are all taken into consideration ."
27909,for,for,ADP,,,,,,,0,['for'],[2005],21,21,Causal-Final Case,"if you keep the cage clean they do n ' t smell and you can buy spray on cl ##ease ##r for them , just massage it into their coat and groom them .","If you keep the cage clean they do n't smell and you can buy spray on cleaser for them , just massage it into their coat and groom them ."
28149,into,into,ADP,,,,,,,0,['into'],[2046],6,6,Translative Case,me and my family are moving into a new house just outside a small town .,Me and my family are moving into a new house just outside a small town .
28181,cats,cat,NOUN,,Plur,,,,,1,['cats'],[8870],5,5,Plural Noun,"territory is very important to cats , and they are very nervous when they go into a new place - a new house could be full of predators , or unknown menace ##s - well at least he thinks so .","territory is very important to cats , and they are very nervous when they go into a new place - a new house could be full of predators , or unknown menaces - well at least he thinks so ."
28501,problems,problem,NOUN,,Plur,,,,,1,['problems'],[3471],4,4,Plural Noun,i also have back problems that transfer into my legs .,I also have back problems that transfer into my legs .
28523,beats,beat,NOUN,,Plur,,,,,1,['beats'],[10299],10,10,Plural Noun,"i ' ll also tr ##ot doing , down 2 beats , up one for a wil ##e , then up 2 down 1 making sure the weight is going into the balls of my feet .","I 'll also trot doing , down 2 beats , up one for a wile , then up 2 down 1 making sure the weight is going into the balls of my feet ."
28761,into,into,ADP,,,,,,,0,['into'],[2046],5,5,Translative Case,if the weight is going into your heels ( it throws your leg forward ) put the stir ##rup ##s up against the heel of your boot .,If the weight is going into your heels ( it throws your leg forward ) put the stirrups up against the heel of your boot .
28865,for,for,ADP,,,,,,,0,['for'],[2005],4,4,Causal-Final Case,"you are not french for a start , so the "" rules "" or "" customs "" may not apply to you when it comes to entering into a relationship between people from different backgrounds .","You are not French for a start , so the "" rules "" or "" customs "" may not apply to you when it comes to entering into a relationship between people from different backgrounds ."
29117,into,into,ADP,,,,,,,0,['into'],[2046],5,5,Translative Case,"you have brought someone else into his territory , and he needs to be reminded that you still love him , and support his claim to his space .","you have brought someone else into his territory , and he needs to be reminded that you still love him , and support his claim to his space ."
29349,into,into,ADP,,,,,,,0,['into'],[2046],4,4,Translative Case,they were chased back into laos and cambodia with the ar ##vn in hot pursuit .,They were chased back into Laos and Cambodia with the ARVN in hot pursuit .
29394,for,for,ADP,,,,,,,0,['for'],[2005],5,5,Causal-Final Case,all he had to do for a complete victory was allow the military to go into laos and cambodia and finish off the shattered communist forces .,All he had to do for a complete victory was allow the military to go into Laos and Cambodia and finish off the shattered Communist forces .
29583,Crowds,crowd,NOUN,,Plur,,,,,1,['crowds'],[12783],0,0,Plural Noun,"crowds are at their thin ##nes ##t , but many of the country ’ s tourist attractions and services close down in october and do n ’ t re ##open until easter , which paradox ##ically leaves visitors with a more convincing taste of how ireland is experienced by most of the irish : it ’ s cold , grey and dark by 5 pm , but there ’ s always a pub to escape into when the rain starts sheet ##ing down .","Crowds are at their thinnest , but many of the country ’s tourist attractions and services close down in October and do n’t reopen until Easter , which paradoxically leaves visitors with a more convincing taste of how Ireland is experienced by most of the Irish : it ’s cold , grey and dark by 5 pm , but there ’s always a pub to escape into when the rain starts sheeting down ."
30915,into,into,ADP,,,,,,,0,['into'],[2046],32,32,Translative Case,"afraid i can not be more helpful , it is really a case of pot luck , although as the weather is so change ##able often a cold wet morning will turn into a lovely warm sunny afternoon and evening or visa versa .","Afraid I can not be more helpful , it is really a case of pot luck , although as the weather is so changeable often a cold wet morning will turn into a lovely warm sunny afternoon and evening or visa versa ."
31173,eggs,egg,NOUN,,Plur,,,,,1,['eggs'],[6763],3,3,Plural Noun,"but get the eggs out , maybe ri ##nsed in fresh tap water and then into the inc ##uba ##tion water .","But get the eggs out , maybe rinsed in fresh tap water and then into the incubation water ."
31211,into,into,ADP,,,,,,,0,['into'],[2046],11,11,Translative Case,i think it is wonderful ##ly responsible that you are going into this rescue eyes open and are getting the opinions of qualified professionals ( and a bunch of yahoo ##s ) before you decide to take this horse on .,I think it is wonderfully responsible that you are going into this rescue eyes open and are getting the opinions of qualified professionals ( and a bunch of Yahoos ) before you decide to take this horse on .
31640,has,have,VERB,,Sing,3,Pres,Ind,,-1,['has'],[2038],1,1,Third-Person Present Tense Verb,"it has to be one of the nice ##st pubs that i have been into in a long time , the decor is nice and it has a really nice garden and a lovely deck ##ing area .","It has to be one of the nicest pubs that i have been into in a long time , the decor is nice and it has a really nice garden and a lovely decking area ."
31892,feels,feel,VERB,,Sing,3,Pres,,,1,['feels'],[5683],7,7,Third-Person Present Tense Verb,"their store is dusty , dirty and feels like you ' re stepping into the 1970s .","Their store is dusty , dirty and feels like you 're stepping into the 1970s ."
31972,puts,put,VERB,,Sing,3,Pres,,,1,['puts'],[8509],8,8,Third-Person Present Tense Verb,marek d ##zi ##da the owner and photographer puts whole heart in his business - if you are into old fashion ( not digital ) quality photography this is best place in long beach as i think not many folks can do affordable traditional photos anymore i know marek personal ##y and i will always recommend him,Marek Dzida the owner and photographer puts whole heart in his business - If you are into old fashion ( Not Digital ) quality photography this is best place in Long Beach as I think not many folks can do affordable traditional photos anymore I know Marek personaly and I will always recommend him
32404,into,into,ADP,,,,,,,0,['into'],[2046],3,3,Translative Case,i sometimes go into this store just for something to do on a sunday afternoon .,I sometimes go into this store just for something to do on a sunday afternoon .
32436,into,into,ADP,,,,,,,0,['into'],[2046],11,11,Translative Case,they spent a lot of time with me and got me into a great pair of shoes .,They spent a lot of time with me and got me into a great pair of shoes .
32472,dreams,dream,NOUN,,Plur,,,,,1,['dreams'],[5544],5,5,Plural Noun,he really does turn your dreams into reality for your home !,He really does turn your dreams into reality for your home !
32508,into,into,ADP,,,,,,,0,['into'],[2046],8,8,Translative Case,the new management is tricky and talk you into getting video rental agreement .,The new management is tricky and talk you into getting video rental agreement .
32606,people,people,NOUN,,Plur,,,,,0,['people'],[2111],8,8,Plural Noun,"anna marie and gov ##ind are very sweet people , and the minute you steep into their school , the calm loving atmosphere takes over , and tension and worries stay outside in the street , whether or not you pick them up again after class is probably a question of practice .","Anna Marie and Govind are very sweet people , and the minute you steep into their school , the calm loving atmosphere takes over , and tension and worries stay outside in the street , whether or not you pick them up again after class is probably a question of practice ."
33022,into,into,ADP,,,,,,,0,['into'],[2046],2,2,Translative Case,i moved into the tangle ##wood apartments in late 2008 and it ' s been a refreshing change .,I moved into the Tanglewood Apartments in late 2008 and it 's been a refreshing change .
33107,into,into,ADP,,,,,,,0,['into'],[2046],3,3,Translative Case,today i went into kw ##ik ka ##r and there were two cars in front of me for inspection . . . but i was still out of there pretty quick . . . barely had time to read a chapter in my book .,Today I went into Kwik Kar and there were two cars in front of me for inspection ... but I was still out of there pretty quick ... barely had time to read a chapter in my book .
33341,into,into,ADP,,,,,,,0,['into'],[2046],5,5,Translative Case,"also , if you are into wine , alto has the depth of both region , var ##ie ##tal , and vintage to satisfy nearly any somme ##lier ( or after 9 pm , bring your own bottle for free . . . no cork ##ing fee ! ) .","Also , if you are into wine , Alto has the depth of both region , varietal , and vintage to satisfy nearly any sommelier ( or after 9 pm , bring your own bottle for free ... no corking fee ! ) ."
33517,into,into,ADP,,,,,,,0,['into'],[2046],12,12,Translative Case,a simple follow - up phone call with a woman quickly turned into a nightmare .,A simple follow - up phone call with a woman quickly turned into a nightmare .
33549,feet,foot,NOUN,,Plur,,,,,0,['feet'],[2519],5,5,Plural Noun,you can not walk 5 feet without smelling that disgusting cigarette smoke and it blows right into the windows all day and all night .,You can not walk 5 feet without smelling that disgusting cigarette smoke and it blows right into the windows all day and all night .
33624,into,into,ADP,,,,,,,0,['into'],[2046],2,2,Translative Case,"even taking into account the fact that my 3 year old wanted to run most of the way round , it took us just over one hour start to finish .","Even taking into account the fact that my 3 year old wanted to run most of the way round , it took us just over one hour start to finish ."
33872,into,into,ADP,,,,,,,0,['into'],[2046],10,10,Translative Case,you just have to know what you ' re getting into when you go .,You just have to know what you 're getting into when you go .
33942,for,for,SCONJ,,,,,,,0,['for'],[2005],5,5,Causal-Final Case,this is just a way for them to sq ##ui ##rm their way into your precious pocket,This is just a way for them to squirm their way into your precious pocket
34002,into,into,ADP,,,,,,,0,['into'],[2046],13,13,Translative Case,"he preceded to grab the slice off the counter ##top and throw it into the trash while yelling at me saying , "" you do not order what you do not know about "" and "" you do n ' t know how pizza is made "" .","He preceded to grab the slice off the countertop and throw it into the trash while yelling at me saying , "" you do not order what you do not know about "" and "" you do n't know how pizza is made "" ."
34587,goes,go,VERB,,Sing,3,Pres,,,2,['goes'],[3632],16,16,Third-Person Present Tense Verb,the first thing you notice when you arrive on location is that the waiting line literally goes out the door and spill ##s into the parking lot .,The first thing you notice when you arrive on location is that the waiting line literally goes out the door and spills into the parking lot .
34722,for,for,ADP,,,,,,,0,['for'],[2005],2,2,Causal-Final Case,i work for a large retail company recently expanding our operations into canada and had to travel to ensure all of our computer network equipment was installed properly and on time .,I work for a large retail company recently expanding our operations into Canada and had to travel to ensure all of our computer network equipment was installed properly and on time .
34978,weeks,week,NOUN,,Plur,,,,,1,['weeks'],[3134],1,1,Plural Noun,"three weeks ago , bu ##rg ##lars tried to gain entry into the rear of my home .","Three weeks ago , burglars tried to gain entry into the rear of my home ."
35026,into,into,ADP,,,,,,,0,['into'],[2046],2,2,Translative Case,"got put into the wrong room the first night , and were quite surprised to have someone with the same room key trying to get in the door at 1 : 00 am !","Got put into the wrong room the first night , and were quite surprised to have someone with the same room key trying to get in the door at 1:00 am !"
35250,into,into,ADP,,,,,,,0,['into'],[2046],4,4,Translative Case,"next day got moved into another room , on the same floor with other wedding guests .","Next day got moved into another room , on the same floor with other wedding guests ."
35284,drawers,drawer,NOUN,,Plur,,,,,1,['drawers'],[22497],25,25,Plural Noun,upon delivery it was clear the entire set was damaged : a piece of wood was broke on the head ##board ; the chest of drawers was missing all four pieces necessary to attach the legs ; the dresser back legs were pushed in causing the dresser to lean into the wall ; and a ni ##gh ##stand was missing a drawer .,Upon delivery it was clear the entire set was damaged : a piece of wood was broke on the headboard ; the chest of drawers was missing all four pieces necessary to attach the legs ; the dresser back legs were pushed in causing the dresser to lean into the wall ; and a nighstand was missing a drawer .
36184,times,time,NOUN,,Plur,,,,,1,['times'],[2335],8,8,Plural Noun,i had to cancel my initial lesson 4 times and on the 5th attempt the management was quick enough to associate my cancellation ##s with my fear and finally encouraged me into taking my initial lesson .,I had to cancel my initial lesson 4 times and on the 5th attempt the management was quick enough to associate my cancellations with my fear and finally encouraged me into taking my initial lesson .
36652,times,time,NOUN,,Plur,,,,,1,['times'],[2335],31,31,Plural Noun,"you were clearly given another alternative by second home , to board him - which might have given your dog a chance to come and go from second home a couple times , getting used to the place and maybe facilitating another attempt to get into day ##care later .","You were clearly given another alternative by Second Home , to board him - which might have given your dog a chance to come and go from Second Home a couple times , getting used to the place and maybe facilitating another attempt to get into daycare later ."
37289,into,into,ADP,,,,,,,0,['into'],[2046],5,5,Translative Case,"perhaps had we not gone into this restaurant believing za ##ha ##v was going to be golden as its name suggests ( and as the many golden reviews seem to at ##test ) , we would have enjoyed a decent little expensive experience .","Perhaps had we not gone into this restaurant believing Zahav was going to be golden as its name suggests ( and as the many golden reviews seem to attest ) , we would have enjoyed a decent little expensive experience ."
37781,into,into,ADP,,,,,,,0,['into'],[2046],19,19,Translative Case,"unless you want to take the "" tell the customer how wrong she is and try and force her into a dress she ' s obviously not loving "" approach which will likely get you . . . uh . . . nowhere .","Unless you want to take the "" tell the customer how wrong she is and try and force her into a dress she 's obviously not loving "" approach which will likely get you ... uh ... nowhere ."
